{
    "GBPAUD": {
      "zones": [2.09583, 2.08382, 2.07434, 2.06001],
      "buffer": 0.00015
    },
    "EURUSD": {
      "zones": [1.095, 1.090, 1.085],
      "buffer": 0.00010
    }
  }
  